,Count,Frequency
AAA,165790,49.67300130511849
AAC,35157,10.533528601749506
AAG,24804,7.431625094228596
AAT,181620,54.415890566594
ACA,72684,21.777142329822254
ACC,10472,3.137557570825748
ACG,6482,1.942097801192943
ACT,83979,25.161282204008355
AGA,64568,19.345475289636834
AGC,14692,4.401928555249417
AGG,6602,1.9780514784751326
AGT,83417,24.992899148736768
ATA,173410,51.95605981253753
ATC,32006,9.589444959114678
ATG,72694,21.780138469595773
ATT,158447,47.47293586942583
CAA,65552,19.640295443350784
CAC,14090,4.221560940883765
CAG,9425,2.8238617365386434
CAT,49959,14.968414694507597
CCA,32971,9.87857244725895
CCC,7631,2.2863542611699086
CCG,5082,1.5226382329007309
CCT,66796,20.013015231176155
CGA,7177,2.1503295154522912
CGC,2114,0.6333839481212407
CGG,2392,0.7166766338249799
CGT,13357,4.001943895485057
CTA,43318,12.978678270915752
CTC,6616,1.9822460741580548
CTG,9231,2.765736624932437
CTT,45581,13.656704701662377
GAA,93123,27.900952412911206
GAC,15280,4.578101573932146
GAG,20632,6.181635580717804
GAT,92500,27.71429290502117
GCA,49599,14.860553662661028
GCC,15169,4.544844422446121
GCG,7984,2.3921179951750164
GCT,92696,27.773017244582082
GGA,66289,19.8611109446589
GGC,6239,1.869291604696509
GGG,16767,5.023627558253946
GGT,100413,30.085138307804225
GTA,90852,27.22052907034577
GTC,8130,2.4358616358683474
GTG,15014,4.4984042559566255
GTT,75541,22.63313946311572
TAA,9029,2.705214601507418
TAC,31076,9.310803960177708
TAG,2787,0.8350241548788541
TAT,143083,42.86966672139615
TCA,70719,21.1884008643264
TCC,11519,3.4512534051128525
TCG,6534,1.957677728015225
TCT,91367,27.37483026868183
TGA,29002,8.68940457115053
TGC,4757,1.425263690261467
TGG,13870,4.155645865866418
TGT,24677,7.3935741191049456
TTA,313354,93.88523825902708
TTC,61002,18.277051846401097
TTG,23470,7.031940048441588
TTT,167038,50.04691954885325
