,Count,Frequency
AAA,109921,22.99800254791782
AAC,123047,25.744263785024195
AAG,11752,2.4587888205450303
AAT,77963,16.31165357523419
ACA,188632,39.466154935079146
ACC,118420,24.7761889149883
ACG,13739,2.8745149426028056
ACT,82236,17.205663499518476
AGA,1054,0.2205210531700529
AGC,46368,9.701252555397547
AGG,277,0.05795477393558316
AGT,22474,4.7020779401743535
ATA,251695,52.66038565240652
ATC,197930,41.41151048761724
ATG,52625,11.010360932707812
ATT,227324,47.56141166112818
CAA,101391,21.213330267518817
CAC,79765,16.688673440331378
CAG,9997,2.0916024369459385
CAT,42587,8.910180352327366
CCA,103794,21.716093161985267
CCC,78529,16.430073799232527
CCG,6021,1.2597317468091922
CCT,59536,12.456301158949023
CGA,50411,10.547141187244343
CGC,16815,3.5180849232015556
CGG,3665,0.7668023338408385
CGT,10150,2.1236135575673973
CTA,323989,67.78595398056193
CTC,115177,24.097678691619716
CTG,40450,8.463070778679924
CTT,104033,21.766097461518136
GAA,96766,20.245673843504115
GAC,50437,10.552580985519885
GAG,22088,4.621317858083613
GAT,34215,7.158565307602808
GCA,114426,23.94055221066079
GCC,116878,24.45356703264653
GCG,7932,1.6595569200615368
GCT,68427,14.316502946173824
GGA,115566,24.17906644274225
GGC,71700,15.001289859860336
GGG,33716,7.05416302531452
GGT,48159,10.075970967378156
GTA,104864,21.939961783324886
GTC,45192,9.455206294934564
GTG,21594,4.517961690848313
GTT,51987,10.876876651946434
TAA,13774,2.8818377479737274
TAC,83594,17.48978834791025
TAG,1189,0.2487661596007523
TAT,82595,17.280774560323074
TCA,131333,27.477885650837344
TCC,83838,17.540838762496108
TCG,8392,1.7557995049365123
TCT,64489,13.492582730439793
TGA,118014,24.691244372685603
TGC,20203,4.226932483106811
TGG,12800,2.6780545356514964
TGT,11284,2.3608724515852724
TTA,155033,32.436471002004566
TTC,158160,33.09071135614381
TTG,22313,4.668393035468113
TTT,136864,28.635098122453623
