,Count,Frequency
AAA,760684,20.344726129273063
AAC,632862,16.926087662714096
AAG,156748,4.192273179548004
AAT,828108,22.148001621514396
ACA,1054025,28.190220851768984
ACC,743062,19.8734203520383
ACG,94177,2.5187926559209197
ACT,645767,17.27123583291127
AGA,296839,7.9390498018721125
AGC,267764,7.161430038332174
AGG,72224,1.9316529596529144
AGT,265163,7.0918654981785245
ATA,1661314,44.43235081154217
ATC,1003255,26.832361680834413
ATG,492517,13.172517732739456
ATT,2113439,56.52457215601318
CAA,696969,18.640648975912885
CAC,499864,13.369015493796306
CAG,116932,3.127382087368944
CAT,394113,10.540672669579212
CCA,668745,17.88578946753279
CCC,498323,13.327800977696047
CCG,79350,2.12224000814769
CCT,519228,13.88691159357919
CGA,356643,9.538526064597562
CGC,93435,2.498947639083547
CGG,64615,1.7281479284998487
CGT,124378,3.326527633691158
CTA,1588132,42.47507584901837
CTC,735750,19.67785867668132
CTG,294633,7.880049657474207
CTT,907652,24.27543021896997
GAA,695554,18.602804368332176
GAC,336315,8.99484749010952
GAG,206521,5.523467280688961
GAT,364810,9.756954976337225
GCA,804600,21.51927297486618
GCC,851571,22.775526729405627
GCG,106509,2.848615765945839
GCT,677086,18.10887206246612
GGA,898194,24.022473117557734
GGC,439791,11.762344743834666
GGG,435118,11.63736393024835
GGT,494009,13.212421728859889
GTA,795958,21.288140042913913
GTC,316051,8.452880615186963
GTG,254442,6.805129075653617
GTT,730737,19.543784459153354
TAA,107301,2.8697980480687497
TAC,506095,13.535665493679964
TAG,15807,0.422763047369761
TAT,853267,22.82088676789105
TCA,815126,21.80079406277749
TCC,488205,13.05719197451472
TCG,85212,2.2790209902240823
TCT,719698,19.248543029412428
TGA,867800,23.20957629578532
TGC,130014,3.477264176676922
TGG,183468,4.906907748139135
TGT,215370,5.760136490923352
TTA,2022863,54.10208934595665
TTC,955338,25.5508068670926
TTG,432091,11.556405889861923
TTT,1858108,49.69566650358271
