,Count,Frequency
AAA,71,32.02525935949482
AAC,10,4.510599909788001
AAG,2,0.9021199819576003
AAT,199,89.76093820478123
ACA,51,23.004059539918806
ACC,1,0.4510599909788002
ACG,0,0.0
ACT,42,18.94451962110961
AGA,42,18.94451962110961
AGC,1,0.4510599909788002
AGG,0,0.0
AGT,25,11.276499774470004
ATA,38,17.14027965719441
ATC,30,13.531799729364005
ATG,71,32.02525935949482
ATT,191,86.15245827695084
CAA,38,17.14027965719441
CAC,3,1.3531799729364007
CAG,4,1.8042399639152007
CAT,53,23.90617952187641
CCA,38,17.14027965719441
CCC,0,0.0
CCG,0,0.0
CCT,45,20.29769959404601
CGA,0,0.0
CGC,0,0.0
CGG,0,0.0
CGT,1,0.4510599909788002
CTA,20,9.021199819576003
CTC,0,0.0
CTG,1,0.4510599909788002
CTT,6,2.7063599458728014
GAA,42,18.94451962110961
GAC,2,0.9021199819576003
GAG,2,0.9021199819576003
GAT,53,23.90617952187641
GCA,54,24.35723951285521
GCC,6,2.7063599458728014
GCG,2,0.9021199819576003
GCT,65,29.31889941362201
GGA,32,14.433919711321606
GGC,0,0.0
GGG,4,1.8042399639152007
GGT,97,43.75281912494361
GTA,84,37.88903924221922
GTC,4,1.8042399639152007
GTG,4,1.8042399639152007
GTT,51,23.004059539918806
TAA,8,3.6084799278304014
TAC,10,4.510599909788001
TAG,0,0.0
TAT,111,50.06765899864682
TCA,77,34.73161930536761
TCC,1,0.4510599909788002
TCG,0,0.0
TCT,39,17.591339648173207
TGA,39,17.591339648173207
TGC,0,0.0
TGG,0,0.0
TGT,13,5.863779882724403
TTA,286,129.00315741993685
TTC,64,28.86783942264321
TTG,1,0.4510599909788002
TTT,83,37.437979251240414
