,Count,Frequency
AAA,122135,33.4067560777539
AAC,41098,11.241256488996024
AAG,60197,16.46527609295084
AAT,88482,24.201879815546892
ACA,51257,14.019978681601764
ACC,42832,11.715545718445611
ACG,24811,6.786384124494632
ACT,67199,18.38048554197391
AGA,53922,14.748918010600118
AGC,37517,10.26176990845452
AGG,28073,7.678616804116634
AGT,62095,16.984423127261866
ATA,78758,21.542140215104116
ATC,63949,17.491535140756405
ATG,93914,25.687657839981817
ATT,134625,36.82306085043286
CAA,86479,23.654012845196537
CAC,24257,6.634852271487094
CAG,28617,7.827413425120425
CAT,62823,17.183548017134587
CCA,51126,13.984147142352688
CCC,35357,9.670959795645347
CCG,26383,7.21636259548353
CCT,66034,18.061831013537486
CGA,45708,12.502198442723012
CGC,23587,6.4515917272361
CGG,23210,6.34847348069487
CGT,45803,12.5281831467586
CTA,56128,15.352310190626524
CTC,36678,10.032283943340216
CTG,34685,9.487152204993604
CTT,83897,22.947775941829274
GAA,99824,27.304179954195803
GAC,34617,9.46855262736813
GAG,46043,12.593828714848508
GAT,79589,21.769437994615423
GCA,61500,16.821676823038967
GCC,46381,12.686279556575128
GCG,29457,8.057172913435103
GCT,93837,25.66659655355297
GGA,82790,22.644985759014574
GGC,34577,9.457611699353144
GGG,40906,11.188740034524098
GGT,79290,21.68765455770341
GTA,68237,18.66440262396277
GTC,35997,9.846014643885102
GTG,45305,12.391968592972042
GTT,75228,20.576603317781718
TAA,7584,2.074399951641098
TAC,32355,8.849843148120744
TAG,4199,1.1485239183730183
TAT,91607,25.056639816717574
TCA,59545,16.28693896630659
TCC,44390,12.141694864629265
TCG,35550,9.723749773317648
TCT,78155,21.37720572527822
TGA,4503,1.2316749712869022
TGC,22297,6.098746798752844
TGG,57265,15.663306069452464
TGT,36801,10.065927296986294
TTA,121763,33.30500544721453
TTC,87663,23.977864314440083
TTG,79889,21.851494954727805
TTT,157217,43.00249699329622
